广州心娱</a>,Golang,1-3年,15-30K,广州 天河区 棠下
三七互娱</a>,go开发工程师,经验不限,10-20K,广州  
广州宇创天成</a>,高级golang,3-5年,15-25K,广州 天河区 五山
广州宏信</a>,Golang,1年以内,9-14K,广州 黄埔区 科学城
中国电信云</a>,golang高级开发工程师,5-10年,18-35K,广州  
视源股份(CVTE)</a>,Golang开发工程师,3-5年,15-30K,广州  
晓教育集团</a>,go语言开发工程师,1-3年,11-18K,广州 天河区 体育中心
悄悄科技</a>,Golang开发工程师,3-5年,15-30K,广州 天河区 珠江新城
登宇通</a>,go工程师,1-3年,9-14K,广州 荔湾区 鹤洞
移步到微</a>,GO语言高级工程师,3-5年,15-20K,广州 天河区 沙东
坏猴子网络科技</a>,golang开发工程师,3-5年,15-30K,广州 天河区 棠下
舜飞科技</a>,Golang开发工程师,1-3年,10-20K,广州 天河区 棠下
爱菩新医药</a>,后端开发工程师（Golang）,3-5年,10-20K,广州 天河区 龙口
坏猴子网络科技</a>,Golang开发工程师,3-5年,15-30K,广州 天河区 棠下
鼎晟开元</a>,Go开发工程师,经验不限,6-12K,广州 越秀区 岭南
欢派网络</a>,golang高级开发工程师,1-3年,13-20K·13薪,广州 番禺区 南村
今日头条</a>,后台开发工程师Golang(广州),1-3年,20-40K,广州 天河区 猎德
涵涵网络科技有限公司</a>,golang开发工程师,1-3年,15-20K,广州 越秀区 黄花岗
小马</a>,Golang开发工程师(区块链),3-5年,15-30K,广州 天河区 体育中心
坏猴子网络科技</a>,golang开发工程师,1-3年,10-15K,广州 天河区 棠下
爱菲动漫</a>,Golang,3-5年,10-18K,广州 天河区 棠下
麦根网络</a>,Golang开发工程师,3-5年,10-20K,广州  
超链</a>,go开发工程师,3-5年,10-16K,广州 越秀区 黄花岗
千道科技</a>,Golang后端开发,3-5年,18-25K,广州 天河区 天河公园
小马</a>,区块链Golang开发工程师,3-5年,15-30K,广州 天河区 体育中心
,C++/Golang后端研发工程师（广州）,3-5年,18-36K,广州 天河区 珠江新城
小马</a>,区块链方向Golang开发工程师,3-5年,15-30K,广州 天河区 体育中心
爱菩新医药</a>,后端开发工程师（Golang)初,3-5年,8-12K,广州 天河区 龙口
广州一拳科技</a>,golang工程师,3-5年,15-25K,广州 海珠区 琶洲
造就科技</a>,Golang开发工程师,1-3年,10-20K,广州 天河区 员村
数字广东</a>,golang开发工程师,3-5年,10-20K,广州 天河区 猎德
飞跑科技</a>,golang服务端开发工程师,3-5年,10-18K,广州 海珠区 琶洲
欢派网络</a>,golang开发工程师,经验不限,9-14K·13薪,广州 番禺区 南村
广州宇创天成</a>,GO开发工程师,1-3年,10-15K,广州 天河区 五山
广州宇创天成</a>,golang开发工程师,1-3年,10-15K,广州 天河区 五山
千道科技</a>,Golang开发工程师,5-10年,25-30K,广州 天河区 天河公园
爱菩新医药</a>,高级后端工程师（Golang）,3-5年,13-20K,广州 天河区 龙口
,6-8K,本科,广州 海珠区 琶洲,1年以内
浩博网络</a>,Golang开发工程师,1-3年,12-24K,广州 越秀区 东风
小马</a>,㊣㊣㊣区块链Golang开发工程师,3-5年,15-30K,广州 天河区 体育中心
小马</a>,㊣Go语言开发工程师（区块链）,3-5年,15-30K,广州 天河区 体育中心
视源股份(CVTE)</a>,Golang开发工程师,经验不限,15-30K,广州  
视源股份(CVTE)</a>,GO后台开发工程师,1-3年,13-26K,广州  
闪趣网络</a>,后端开发工程师 / GO / PHP,经验不限,8-13K,广州 天河区 天河公园
尊游软件</a>,Go语言开发工程师,5-10年,20-35K,广州 海珠区 琶洲
晓教育集团</a>,后端开发岗（GO语言）,1-3年,10-15K,广州 天河区 体育中心
一起飞国际机票网</a>,Golang,1年以内,11-22K,广州 白云区 黄石
广州视臻</a>,Golang后台开发,经验不限,15-30K,广州 天河区 东圃
云尚云</a>,GO语言开发工程师,5-10年,25-50K,广州 海珠区 琶洲
广州心娱</a>,Golang,3-5年,15-30K,广州 天河区 棠下
广州乐才</a>,Go开发工程师,经验不限,4-8K,广州 海珠区 琶洲
腾讯</a>,Golang,3-5年,11-20K,广州 海珠区 赤岗
光速动力</a>,Golang,1-3年,14-15K,广州  
玩胜科技</a>,golang开发工程师,1-3年,10-20K,广州 天河区 五山
波波科技</a>,高级Golang开发,3-5年,13-26K,广州 天河区 华景新城
视源股份(CVTE)</a>,Golang,3-5年,15-30K,广州  
视源股份(CVTE)</a>,Go开发工程师,3-5年,15-30K,广州  
烹茶科技</a>,Golang后端开发工程师,3-5年,15-22K,广州 海珠区 琶洲
广州心心网络科技...</a>,Golang,1-3年,10-11K,广州 增城区 新塘
初星科技</a>,Golang,1-3年,8-15K,广州 番禺区 大学城
悄悄科技</a>,Golang开发工程师,3-5年,20-30K,广州 天河区 珠江新城
旺文悦世网络</a>,golang,1-3年,5-10K,广州 天河区 天河公园
,20-40K,学历不限,广州 海珠区 工业大道,3-5年
,15-30K,本科,广州 番禺区 洛溪,3-5年
大洋信息</a>,Golang后端开发工程师,1-3年,8-15K,广州 天河区 龙口
彩乐网络科技有限公司</a>,golang开发工程师/go语言,1-3年,10-18K,广州 天河区 龙口
互动大师</a>,Go语言后台高级工程师,经验不限,16-32K,广州 越秀区 五羊新城
,15-25K,本科,广州 天河区 五山,1-3年
青橙电商</a>,文案策划(化妆品、洗护）,3-5年,6-12K,广州 白云区 三元里
欢派网络</a>,高级后端开发工程师,1-3年,9-15K,广州 番禺区 南村
网易游戏</a>,运维开发工程师（后端方向）,经验不限,15-30K·16薪,广州 天河区 天河公园
欢派网络</a>,后端开发工程师,经验不限,6-9K,广州 番禺区 南村
欢派网络</a>,前端开发工程师,经验不限,8-13K·13薪,广州 番禺区 南村
喜舍音教育</a>,合作伙伴,经验不限,10-15K,广州 天河区 龙口
广州领恒商贸有限公司</a>,实习生,经验不限,3-5K,广州 增城区 新塘
早安科技</a>,后端高级开发工程师,3-5年,30-50K,广州 天河区 猎德
,20-40K,本科,广州 越秀区 东风东,5-10年
广州交通信息化建...</a>,运维工程师,1-3年,8-13K,广州 黄埔区 科学城
均乐互动科技</a>,白盒测试工程师,3-5年,13-18K,广州 海珠区 琶洲
,20-40K,大专,广州 天河区 体育中心,5-10年
尼莫鱼科技</a>,推荐系统高级研发工程师/研发专家（P6/P7）,3-5年,21-35K,广州 天河区 龙口
小马</a>,区块链方向C++开发工程师,3-5年,15-30K,广州 天河区 体育中心
小马</a>,㊣㊣㊣区块链JAVA高级工程师,5-10年,15-30K,广州  
网易游戏</a>,基础架构开发工程师（云计算）,1-3年,10-18K,广州 天河区 棠下
爱立信</a>,资深Java工程师,5-10年,15-27K,广州 天河区 天河公园
小马</a>,Android端区块链APP开发主管,3-5年,10-15K,广州 天河区 体育中心
小马</a>,Java开发工程师,3-5年,5-10K,广州 天河区 体育中心
西洋汇</a>,全栈工程师,3-5年,15-20K,广州 海珠区 客村
西洋汇</a>,PHP实习生,应届生,3-4K,广州 海珠区 客村
